{
  "library_versions": {
    "numpy": "2.0.2",
    "scikit-learn": "1.6.1",
    "torch": "2.8.0+cu128"
  },
  "device": "cuda",
  "datasets": [
    {
      "dataset": "mnist_train_60000_graph",
      "input_shape": [
        60000,
        784
      ],
      "fit_input_shape": [
        60000,
        60000
      ],
      "metric": "precomputed",
      "graph_nnz": 2880000,
      "sample_count": null,
      "sweep_group": null,
      "baseline": "sklearn_barnes_hut",
      "durations": [
        144.0742966
      ],
      "median_duration": 144.0742966,
      "embedding_shape": [
        60000,
        2
      ],
      "diagnostics": {
        "backend": "sklearn",
        "timings": {
          "total": 144.0742966
        },
        "peak_cuda_memory": 0
      },
      "memory": {},
      "kl_divergence": 1.7976931348623157e+308,
      "trustworthiness": 0.9285010582010582,
      "knn_overlap": 0.24484999999999998
    },
    {
      "dataset": "mnist_train_60000_graph",
      "input_shape": [
        60000,
        784
      ],
      "fit_input_shape": [
        60000,
        60000
      ],
      "metric": "precomputed",
      "graph_nnz": 2880000,
      "sample_count": null,
      "sweep_group": null,
      "baseline": "tsne_torch_fft_cpu",
      "durations": [
        21.099111799999974
      ],
      "median_duration": 21.099111799999974,
      "embedding_shape": [
        60000,
        2
      ],
      "diagnostics": {
        "backend": "torch_fft",
        "timings": {
          "perplexity_search": 0.3701353000000154,
          "host_device_transfer": 0.007432599999987133,
          "symmetrize": 0.08562820000000215,
          "affinity_build": 0.5202390000000037,
          "optimization": 20.57094219999999,
          "total": 21.097836900000004,
          "stage1": {
            "iteration_times": [
              0.0888938040000005,
              0.07503163999999969,
              0.08671719400000029,
              0.09657564999999976,
              0.06391489799999989
            ],
            "median_iteration_time": 0.08671719400000029,
            "stopped_reason": "max_iter",
            "objective_timing_samples": 5,
            "objective_timings_total": {
              "attractive_force": 0.2584014000000252,
              "error_eval": 0.02858779999996841,
              "gradient_finalize": 0.0014237999999977546,
              "negative_force_combine": 0.0014584000000468222,
              "negative_force_coords": 0.0024961000000018885,
              "negative_force_fft_convolution": 0.04180610000000229,
              "negative_force_grid_sample": 0.008172199999961549,
              "negative_force_kernel_build": 0.0009885999999710293,
              "negative_force_splat": 0.006302299999958905,
              "negative_force_total": 0.06130440000001158
            },
            "objective_timings_median": {
              "attractive_force": 0.04942640000001575,
              "error_eval": 0.004873699999990322,
              "gradient_finalize": 9.65000000121563e-05,
              "negative_force_combine": 0.0002251000000228487,
              "negative_force_coords": 0.0005302999999798885,
              "negative_force_fft_convolution": 0.007109799999994948,
              "negative_force_grid_sample": 0.0014309999999966294,
              "negative_force_kernel_build": 0.00016789999997968152,
              "negative_force_splat": 0.0012590999999986252,
              "negative_force_total": 0.010621899999989637
            }
          },
          "stage2": {
            "iteration_times": [],
            "median_iteration_time": 0.0,
            "stopped_reason": "skipped"
          },
          "peak_cuda_memory": 0
        },
        "peak_cuda_memory": 0
      },
      "memory": {
        "backend": "torch_fft",
        "device": "cpu",
        "required_bytes": 326453808,
        "available_bytes": 3998109696,
        "safe_budget_bytes": 3598298726,
        "fits": true,
        "details": {
          "affinity_index_bytes": 115200000,
          "edge_workspace_bytes": 92160000,
          "optimizer_state_bytes": 1920000,
          "grid_workspace_bytes": 8355872,
          "input_tensor_bytes": 0
        },
        "metadata": {
          "affinity_nnz_estimate": 5760000,
          "runtime_overhead_ratio_x100": 150
        }
      },
      "kl_divergence": 102.97540283203125,
      "trustworthiness": 0.9314866969009826,
      "knn_overlap": 0.24484999999999998
    },
    {
      "dataset": "mnist_train_60000_graph",
      "input_shape": [
        60000,
        784
      ],
      "fit_input_shape": [
        60000,
        60000
      ],
      "metric": "precomputed",
      "graph_nnz": 2880000,
      "sample_count": null,
      "sweep_group": null,
      "baseline": "tsne_torch_fft_cuda",
      "durations": [
        1.2871582999999873
      ],
      "median_duration": 1.2871582999999873,
      "embedding_shape": [
        60000,
        2
      ],
      "diagnostics": {
        "backend": "torch_fft",
        "timings": {
          "host_device_transfer": 0.013058100000023387,
          "perplexity_search": 0.177195399999988,
          "symmetrize": 0.06865589999998178,
          "affinity_build": 0.3018433000000016,
          "optimization": 0.9797413999999947,
          "total": 1.2863238000000194,
          "stage1": {
            "iteration_times": [
              0.004683101999999622,
              0.004266526000000112,
              0.003529364000000328,
              0.0034364659999999957,
              0.0036668520000000624
            ],
            "median_iteration_time": 0.0036668520000000624,
            "stopped_reason": "max_iter",
            "objective_timing_samples": 5,
            "objective_timings_total": {
              "attractive_force": 0.003928703963756561,
              "error_eval": 0.0015235840082168579,
              "gradient_finalize": 0.0004840639978647232,
              "negative_force_combine": 0.0006714879795908928,
              "negative_force_coords": 0.0020262719988822938,
              "negative_force_fft_convolution": 0.0034900159239768984,
              "negative_force_grid_sample": 0.0016055679917335512,
              "negative_force_kernel_build": 0.0011021120101213455,
              "negative_force_splat": 0.00340668797492981,
              "negative_force_total": 0.013315007925033569
            },
            "objective_timings_median": {
              "attractive_force": 0.0007790079712867736,
              "error_eval": 0.00028784000873565677,
              "gradient_finalize": 6.540799885988236e-05,
              "negative_force_combine": 0.00012956799566745758,
              "negative_force_coords": 0.0003470399975776672,
              "negative_force_fft_convolution": 0.0006046079993247985,
              "negative_force_grid_sample": 0.00033232000470161436,
              "negative_force_kernel_build": 0.00022303999960422515,
              "negative_force_splat": 0.0006212800145149231,
              "negative_force_total": 0.002231839895248413
            }
          },
          "stage2": {
            "iteration_times": [],
            "median_iteration_time": 0.0,
            "stopped_reason": "skipped"
          },
          "peak_cuda_memory": 221932544
        },
        "peak_cuda_memory": 221932544
      },
      "memory": {
        "backend": "torch_fft",
        "device": "cuda",
        "required_bytes": 326453808,
        "available_bytes": 15564013568,
        "safe_budget_bytes": 13229411532,
        "fits": true,
        "details": {
          "affinity_index_bytes": 115200000,
          "edge_workspace_bytes": 92160000,
          "optimizer_state_bytes": 1920000,
          "grid_workspace_bytes": 8355872,
          "input_tensor_bytes": 0
        },
        "metadata": {
          "affinity_nnz_estimate": 5760000,
          "runtime_overhead_ratio_x100": 150
        }
      },
      "kl_divergence": 102.97611236572266,